static/data/img/Nusch-eluard-1-1938.JPG,1
static/data/img/Young-Girl-Struck-by-Sadness-1939.JPG,1
static/data/img/Nude-in-an-Armchair-1959.JPG,1
static/data/img/Woman-Seated-1908.JPG,1
static/data/img/HUCB_SHARE_109911213341.jpg,1
static/data/img/Marie-Therese-Walter-5-1937.JPG,1
static/data/img/HUCB_SHARE_109911211568.jpg,1
static/data/img/HUCB_SHARE_109911212136.jpg,1
static/data/img/The-Kiss-1969.JPG,1
static/data/img/Marie-Therese-Walter-4-1937.JPG,1
static/data/img/Monolithic-Nude-1958.JPG,1
static/data/img/HUCB_SHARE_109911212002.jpg,1
static/data/img/Jacqueline-Rocque-1957.JPG,1
static/data/img/Head-of-a-Woman-1907.JPG,1
static/data/img/Portrait-of-a-Young-Girl-4-1938.JPG,1
static/data/img/Self-Portrait-1938.JPG,1
static/data/img/Jacqueline-in-the-Studio-1956.JPG,1
static/data/img/Self-Portrait-1972.JPG,1
static/data/img/HUCB_SHARE_109911212681.jpg,1
static/data/img/Guernica-Detail-1-1937.JPG,1
static/data/img/Weeping-Woman-1937.JPG,1
static/data/img/Paloma-Picasso-1956.JPG,1
static/data/img/HUCB_SHARE_109911212046.jpg,1
static/data/img/Nude-Half-Length-1907.JPG,1
static/data/img/HUCB_SHARE_109911212632.jpg,1
static/data/img/Nude-I-love-Eva-1912.JPG,1
static/data/img/UCSC_99312695562.jpg,1
static/data/img/UCSC_99312695561.jpg,1
static/data/img/La-Suppliante-1937.JPG,1
static/data/img/HUCB_SHARE_109911211614.jpg,1
static/data/img/Nude-on-a-Beach-2-1929.JPG,1
static/data/img/Portrait-of-Sylvette-1954.JPG,1
static/data/img/Figures-on-a-Beach-1931.JPG,1
static/data/img/HCDL_SASKIA_106910663050.jpg,1
static/data/img/Dora-Maar-1937.JPG,1
static/data/img/UCSC_99312695493.jpg,1
static/data/img/HUCB_SHARE_109911212052.jpg,1
static/data/img/Dryad-1908.JPG,1
static/data/img/Nude-on-a-Beach-1-1929.JPG,1
static/data/img/Woman-with-a-Flower-1932.JPG,1
static/data/img/HCDL_SASKIA_106910673353.jpg,1
static/data/img/Portrait-of-Dora-Maar-1937.JPG,1
static/data/img/Young-Girl-Reading-a-Book-on-the-Beach-1937.JPG,1
static/data/img/Cavalier-with-Pipe-1968.JPG,1
static/data/img/UCSC_99312695352.jpg,1
static/data/img/Portrait-of-Marie-Therese-1937.JPG,1
static/data/img/UCSC_99312695495.jpg,1
static/data/img/Man-with-Arms-Crossed-1909.JPG,1
static/data/img/Nude-in-an-Armchair-with-a-Bottle-of-Evian-Water-a-Glass-and-Shoes-1959.JPG,1
static/data/img/HUCB_SHARE_109911211566.jpg,1
static/data/img/Nude-in-an-Armchair-1929.JPG,2
static/data/img/UCSC_99312695494.jpg,2
static/data/img/UCSC_99312695570.jpg,2
static/data/img/HUCB_SHARE_109911212050.jpg,2
static/data/img/UCSC_99312695492.jpg,2
static/data/img/HUCB_SHARE_109911190996.jpg,2
static/data/img/HUCB_SHARE_109911213344.jpg,2
static/data/img/HUCB_SHARE_109911212134.jpg,2
static/data/img/Jacqueline-Rocque-3-1954.JPG,2
static/data/img/Girl-on-a-Pillow-1936.JPG,2
static/data/img/HUCB_SHARE_109911212044.jpg,2
static/data/img/Bathers-with-a-Toy-Boat-1937.JPG,2
static/data/img/HUCB_SHARE_109911211564.jpg,2
static/data/img/Portrait-of-a-Young-Girl-3-1938.JPG,2
static/data/img/Farmer-and-Nude-Surrounded-by-Hens-1938.JPG,2
static/data/img/Nusch-eluard-1937.JPG,2
static/data/img/HUCB_SHARE_109911211525.jpg,2
static/data/img/HUCB_SHARE_109911212098.jpg,2
static/data/img/UCSC_99312695490.jpg,2
static/data/img/La-Fermiere-full-length-1908.JPG,2
static/data/img/HCDL_SASKIA_106910673682.jpg,2
static/data/img/HUCB_SHARE_109911212135.jpg,2
static/data/img/Francoise-Claude-and-Paloma-1954.JPG,2
static/data/img/HUCB_SHARE_109911212633.jpg,2
static/data/img/Woman-with-Fan-1909.JPG,2
static/data/img/Jacqueline-1960.JPG,2
static/data/img/Polichinelle-with-Guitar-Before-the-Stage-Curtain-1919.JPG,2
static/data/img/Girl-with-a-Boat-Maya-Picasso-1938.JPG,2
static/data/img/UCSC_99312695347.jpg,2
static/data/img/UCSC_99312695500.jpg,2
static/data/img/HUCB_SHARE_109911190994.jpg,2
static/data/img/Francoise-Gilot-with-Claude-and-Paloma-1951.JPG,2
static/data/img/UCSC_99312695512.jpg,2
static/data/img/A-Woman-in-Tears-1937.JPG,2
static/data/img/UCSC_99312695497.jpg,2
static/data/img/HUCB_SHARE_109911211565.jpg,2
static/data/img/Woman-in-a-Stripped-Hat-1939.JPG,2
static/data/img/UCSC_99312695498.jpg,2
static/data/img/Nude-1909.JPG,2
static/data/img/HUCB_SHARE_109911212048.jpg,2
static/data/img/Jacqueline-with-Crossed-Hands-1954.JPG,2
static/data/img/Nusch-eluard-3-1938.JPG,2
static/data/img/Harlequin-1915.JPG,2
static/data/img/HCDL_SASKIA_106910673354.jpg,2
static/data/img/UCSC_99312695491.jpg,2
static/data/img/Young-Tormented-Girl-1939.JPG,2
static/data/img/Harlequin-with-a-Guitar-1918.JPG,2
static/data/img/Woman-with-a-Fan-1908.JPG,2
static/data/img/El-Bobo.JPG,2
static/data/img/HUCB_SHARE_109911212099.jpg,2
static/data/img/HUCB_SHARE_109911212691.jpg,2
static/data/img/HUCB_SHARE_109911212041.jpg,2
static/data/img/HUCB_SHARE_109911212425.jpg,2
static/data/img/Portrait-of-Man-in-a-Hat-1971.JPG,2
static/data/img/UCSC_99312695488.jpg,2
static/data/img/Head-of-a-Man.JPG,2
static/data/img/Paloma-and-Claude-Children-of-Picasso-1950.JPG,2
static/data/img/UCSC_99312695343.jpg,2
static/data/img/Woman-with-Green-Hair-1949.JPG,2
static/data/img/UCSC_99312695489.jpg,2
static/data/img/Rembrandt-Figure-and-Eros-1969.JPG,2
static/data/img/The-Dance-of-the-Veils-1907.JPG,2
static/data/img/Nusch-eluard-2-1938.JPG,2
static/data/img/HUCB_SHARE_109911211612.jpg,2
static/data/img/Woman-Playing-the-Mandoline-1909.JPG,2
static/data/img/Portrait-of-a-Sitting-Woman-1960.JPG,2
static/data/img/Jacqueline-Rocque-1-1954.JPG,2
static/data/img/La-Fermiere-half-length-1908.JPG,2
static/data/img/Young-Girl-Throwing-a-Rock-1931.JPG,2
static/data/img/HCDL_SASKIA_106910663103.jpg,2
static/data/img/HUCB_SHARE_109911212685.jpg,2
static/data/img/Three-Musicians-or-Musicians-in-Masks-1921.JPG,2
static/data/img/HUCB_SHARE_109911212096.jpg,2
static/data/img/Nude-on-a-Beach-1929.JPG,2
static/data/img/Marie-Therese-Walter-3-1937.JPG,2
static/data/img/Young-Girl-in-an-Armchair-1937.JPG,2
static/data/img/Portrait-of-a-Young-Girl-2-1938.JPG,2
static/data/img/Portrait-of-a-Young-Girl-1-1938.JPG,2
static/data/img/HUCB_SHARE_109911212093.jpg,2
static/data/img/UCSC_99312695557.jpg,2
static/data/img/Portrait-of-Fernarde-1909.JPG,2
static/data/img/Young-Woman-1909.JPG,2
static/data/img/UCSC_99312695565.jpg,2
static/data/img/Marie-Therese-Walter-2-1937.JPG,2
static/data/img/Paloma-with-Celluloid-Fish--1950.JPG,2
static/data/img/UCSC_99312695556.jpg,2
static/data/img/Jacqueline-in-Studio-1957.JPG,2
static/data/img/HUCB_SHARE_109911212692.jpg,2
static/data/img/HUCB_SHARE_109911212045.jpg,2
static/data/img/Jacqueline-Rocque-4-1954.JPG,2
static/data/img/Jacqueline-with-Flowers-1954.JPG,2
static/data/img/HUCB_SHARE_109911212461.jpg,2
static/data/img/Portrait-of-Kahnweiler-1910.JPG,2
static/data/img/The-Card-Player-1913.JPG,2
static/data/img/Bather-Opening-a-Cabin-1928.JPG,2
static/data/img/HUCB_SHARE_109911212042.jpg,2
static/data/img/HUCB_SHARE_109911212682.jpg,2
static/data/img/HUCB_SHARE_109911212694.jpg,2
static/data/img/Silhoutte-of-Piccasso-and-Young-Girl-Crying-1940.JPG,2
static/data/img/Portrait-of-Nusche-Eluard-1937.JPG,2
static/data/img/HUCB_SHARE_109911212641.jpg,3
static/data/img/Lunch-on-the-Grass.JPG,3
static/data/img/HCDL_SASKIA_106910673650.jpg,3
static/data/img/Lee-Miller-1937.JPG,3
static/data/img/HUCB_SHARE_109911212138.jpg,3
static/data/img/HUCB_SHARE_109911212051.jpg,3
static/data/img/Night-Fishing-at-Antibes-1939.JPG,3
static/data/img/HCDL_SASKIA_106910663058.jpg,3
static/data/img/HUCB_SHARE_109911212426.jpg,3
static/data/img/Three-Musicians-1921.JPG,3
static/data/img/Maya-with-a-Doll-1938.JPG,3
static/data/img/Luncheon-on-the-Grass-After-Manet-1961.JPG,3
static/data/img/Nude-and-Still-life-1931.JPG,3
static/data/img/Woman-in-an-Armchair-I-1948.JPG,3
static/data/img/HCDL_SASKIA_106910673651.jpg,3
static/data/img/Portrait-of-Ambroise-Vollard-1910.JPG,3
static/data/img/HUCB_SHARE_109911212008.jpg,3
static/data/img/HUCB_SHARE_109911212683.jpg,3
static/data/img/Girl-Before-a-Mirror-1932.JPG,3
static/data/img/The-Three-Graces-1925.JPG,3
static/data/img/HUCB_SHARE_109911212639.jpg,3
static/data/img/HUCB_SHARE_109911211523.jpg,3
static/data/img/UCSC_99312695501.jpg,3
static/data/img/Claude-Son-of-Picasso-1948.JPG,3
static/data/img/Nude-in-an-Armchair--1932.JPG,3
static/data/img/Acrobat-1930.JPG,3
static/data/img/HCDL_SASKIA_106910673680.jpg,3
static/data/img/Maya-Picassos-Daughter-with-a-Doll-1938.JPG,3
static/data/img/HUCB_SHARE_109911212736.jpg,3
static/data/img/Interior-with-a-Girl-Drawing-1935.JPG,3
static/data/img/Two-Naked-Figures-1908.JPG,3
static/data/img/Nude-Queen-of-the-Amazons-with-Servant-1960.JPG,3
static/data/img/Three-Dancers-1925.JPG,3
static/data/img/HUCB_SHARE_109911212680.jpg,3
static/data/img/HUCB_SHARE_109911212092.jpg,3
static/data/img/Francoise-Claude-and-Paloma-1951.JPG,3
static/data/img/HUCB_SHARE_109911212043.jpg,3
static/data/img/HUCB_SHARE_109911211527.jpg,3
static/data/img/A-Young-Faun-Playing-a-Serenade-to-a-Young-Girl-1938.JPG,3
static/data/img/Female-Nude-and-Smoker-1968.JPG,3
static/data/img/HUCB_SHARE_109911211570.jpg,3
static/data/img/HUCB_SHARE_109911212638.jpg,3
static/data/img/HUCB_SHARE_109911211526.jpg,3
static/data/img/HUCB_SHARE_109911212460.jpg,3
static/data/img/The-Rape-of-the-Sabine-Women-1962.JPG,3
static/data/img/Nude-Woman-1910.JPG,3
static/data/img/Paloma-Playing-with-Tadpoles-1954.JPG,3
static/data/img/Friendship-1908.JPG,3
static/data/img/HCDL_SASKIA_106910673681.jpg,3
static/data/img/Self-Portrait-1907.JPG,3
static/data/img/ADALLASIG_10313602624.jpg,3
static/data/img/HCDL_SASKIA_106910663051.jpg,4
static/data/img/HUCB_SHARE_109911209543.jpg,4
static/data/img/UCSC_99312695558.jpg,4
static/data/img/HUCB_SHARE_109911212100.jpg,4
static/data/img/HCDL_SASKIA_106910673676.jpg,4
static/data/img/HUCB_SHARE_109911212140.jpg,4
static/data/img/Les-Demoiselles-dAvignon-1907.JPG,4
static/data/img/HUCB_SHARE_109911212729.jpg,4
static/data/img/Las-Meninas-After-Velazquez-1957.JPG,4
static/data/img/HUCB_SHARE_109911212735.jpg,4
static/data/img/Knight-Page-and-Monk-1951.JPG,4
static/data/img/Guernica-Detail-2-1937.JPG,4
static/data/img/Three-Women-1908.JPG,4
static/data/img/Sketch-for-The-Demoiselles-dAvignon-1907.JPG,4
static/data/img/ADALLASIG_10313602090.jpg,4
static/data/img/Crucifixion-1930.JPG,5
static/data/img/HUCB_SHARE_109911211571.jpg,5
